{
  "Amrilux": "Sistema simbólico-operativo para pensar, crear y organizar memoria viva.",
  "Metatoken": "Unidad condensada de significado operativo.",
  "Voxel Verbal": "Paquete mínimo de lenguaje con posición semántica.",
  "COVE": "Claridad-Orden-Voluntad/Entropía. Métrica triaxial del sistema.",
  "AIVO": "Agente ejecutor que invoca y orquesta funciones de Amrilux.",
  "ALMA": "Núcleo identitario de propósito y tono.",
  "GGV": "Gramática Generativa Viva: reglas dinámicas que rigen combinaciones simbólicas.",
  "Retroentropía": "Desorden con huella de recuperabilidad; señal útil en el caos.",
  "Invocación": "Acto de traer a presencia un estado, memoria o módulo.",
  "Esfera VVL": "Cápsula de memoria viva (Voz-Visión-Lógica)."
}